key,index,indexSymbol,last,variation,percentChange,open,high,low,previousClose,yearHigh,yearLow,indicativeClose,pe,pb,dy,declines,advances,unchanged,perChange365d,perChange30d,date365dAgo,date30dAgo,previousDay,oneWeekAgo,oneMonthAgoVal,oneWeekAgoVal,oneYearAgoVal,previousDayVal,chart365dPath,chart30dPath,chartTodayPath
INDICES ELIGIBLE IN DERIVATIVES,NIFTY 50,NIFTY 50,23882.05,-516.65,-2.12,24259.55,24300.0,23805.2,24398.7,26373.2,22182.55,0,20.59,3.11,1.23,45,4,1,-6.43,3.28,07-Jul-2025,05-Jun-2026,08-Jul-2026,01-Jul-2026,23366.7,24005.85,25461.3,23882.05,https://nsearchives.nseindia.com/365d/NIFTY-50.svg,https://nsearchives.nseindia.com/30d/NIFTY-50.svg,https://nsearchives.nseindia.com/today/NIFTY-50.svg
INDICES ELIGIBLE IN DERIVATIVES,NIFTY NEXT 50,NIFTY NEXT 50,70898.75,-1349.7,-1.87,71794.25,72198.75,70597.95,72248.45,73141.05,59896.1,0,18.47,3.4,1.25,44,6,0,3.17,2.79,07-Jul-2025,05-Jun-2026,08-Jul-2026,01-Jul-2026,70191.95,72100.65,68725.8,70898.75,https://nsearchives.nseindia.com/365d/NIFTY-NEXT-50.svg,https://nsearchives.nseindia.com/30d/NIFTY-NEXT-50.svg,https://nsearchives.nseindia.com/today/NIFTY-NEXT-50.svg
INDICES ELIGIBLE IN DERIVATIVES,NIFTY BANK,NIFTY BANK,56742.6,-1458.1,-2.51,57918.25,58075.6,56549.4,58200.7,61764.85,49954.85,0,14.25,1.83,0.8,14,0,0,-0.9,4.95,07-Jul-2025,05-Jun-2026,08-Jul-2026,01-Jul-2026,54496.25,58033.05,56949.2,56742.6,https://nsearchives.nseindia.com/365d/NIFTY-BANK.svg,https://nsearchives.nseindia.com/30d/NIFTY-BANK.svg,https://nsearchives.nseindia.com/today/NIFTY-BANK.svg
INDICES ELIGIBLE IN DERIVATIVES,NIFTY FINANCIAL SERVICES,NIFTY FIN SERVICE,26323.75,-661.3,-2.45,26820.05,26898.45,26237.3,26985.05,28562.5,23373.95,0,16.83,2.67,0.97,18,2,0,-2.57,6.12,07-Jul-2025,05-Jun-2026,08-Jul-2026,01-Jul-2026,25056.8,26797.75,26833.45,26323.75,https://nsearchives.nseindia.com/365d/NIFTY-FIN-SERVICE.svg,https://nsearchives.nseindia.com/30d/NIFTY-FIN-SERVICE.svg,https://nsearchives.nseindia.com/today/NIFTY-FIN-SERVICE.svg
INDICES ELIGIBLE IN DERIVATIVES,NIFTY MIDCAP SELECT,NIFTY MID SELECT,14419.1,-219.35,-1.5,14558.85,14654.95,14337.6,14638.45,14770.5,12046.2,0,30.15,4.83,0.56,21,4,0,8.14,3.03,07-Jul-2025,05-Jun-2026,08-Jul-2026,01-Jul-2026,14107.5,14536.1,13398.25,14419.1,https://nsearchives.nseindia.com/365d/NIFTY-MID-SELECT.svg,https://nsearchives.nseindia.com/30d/NIFTY-MID-SELECT.svg,https://nsearchives.nseindia.com/today/NIFTY-MID-SELECT.svg
BROAD MARKET INDICES,NIFTY 100,NIFTY 100,24883.05,-526.6,-2.07,25262.05,25322.0,24798.85,25409.65,26975.15,22720.45,0,20.17,3.16,1.23,89,10,1,-4.76,3.2,07-Jul-2025,05-Jun-2026,08-Jul-2026,01-Jul-2026,24397.3,25065.1,26074.55,24883.05,https://nsearchives.nseindia.com/365d/NIFTY-100.svg,https://nsearchives.nseindia.com/30d/NIFTY-100.svg,https://nsearchives.nseindia.com/today/NIFTY-100.svg
BROAD MARKET INDICES,NIFTY 200,NIFTY 200,13767.7,-276.35,-1.97,13964.95,14003.8,13716.25,14044.05,14700.95,12396.1,0,21.53,3.39,1.11,172,27,1,-3.27,3.03,07-Jul-2025,05-Jun-2026,08-Jul-2026,01-Jul-2026,13527.0,13879.05,14214.05,13767.7,https://nsearchives.nseindia.com/365d/NIFTY-200.svg,https://nsearchives.nseindia.com/30d/NIFTY-200.svg,https://nsearchives.nseindia.com/today/NIFTY-200.svg
BROAD MARKET INDICES,NIFTY 500,NIFTY 500,22908.05,-460.8,-1.97,23239.65,23307.0,22822.8,23368.85,24144.2,20385.65,0,22.63,3.45,1.05,434,65,1,-2.82,3.31,07-Jul-2025,05-Jun-2026,08-Jul-2026,01-Jul-2026,22465.35,23111.65,23551.2,22908.05,https://nsearchives.nseindia.com/365d/NIFTY-500.svg,https://nsearchives.nseindia.com/30d/NIFTY-500.svg,https://nsearchives.nseindia.com/today/NIFTY-500.svg
BROAD MARKET INDICES,NIFTY MIDCAP 50,NIFTY MIDCAP 50,17604.45,-259.6,-1.45,17775.75,17861.5,17506.15,17864.05,17909.45,14804.55,0,32.88,4.75,0.6,41,9,0,4.94,3.32,07-Jul-2025,05-Jun-2026,08-Jul-2026,01-Jul-2026,17198.9,17716.1,16811.15,17604.45,https://nsearchives.nseindia.com/365d/NIFTY-MIDCAP-50.svg,https://nsearchives.nseindia.com/30d/NIFTY-MIDCAP-50.svg,https://nsearchives.nseindia.com/today/NIFTY-MIDCAP-50.svg
BROAD MARKET INDICES,NIFTY MIDCAP 100,NIFTY MIDCAP 100,61322.75,-962.55,-1.55,61978.1,62279.5,61004.9,62285.3,62909.55,52032.85,0,29.55,4.77,0.62,83,17,0,3.21,2.37,07-Jul-2025,05-Jun-2026,08-Jul-2026,01-Jul-2026,60754.9,62008.8,59515.75,61322.75,https://nsearchives.nseindia.com/365d/NIFTY-MIDCAP-100.svg,https://nsearchives.nseindia.com/30d/NIFTY-MIDCAP-100.svg,https://nsearchives.nseindia.com/today/NIFTY-MIDCAP-100.svg
BROAD MARKET INDICES,NIFTY SMALLCAP 100,NIFTY SMLCAP 100,18783.3,-430.1,-2.24,19120.4,19201.55,18706.75,19213.4,19360.05,14986.0,0,32.37,3.65,0.6,94,6,0,-0.59,5.74,07-Jul-2025,05-Jun-2026,08-Jul-2026,01-Jul-2026,18110.3,18931.05,18950.15,18783.3,https://nsearchives.nseindia.com/365d/NIFTY-SMLCAP-100.svg,https://nsearchives.nseindia.com/30d/NIFTY-SMLCAP-100.svg,https://nsearchives.nseindia.com/today/NIFTY-SMLCAP-100.svg
BROAD MARKET INDICES,INDIA VIX,INDIA VIX,14.68,3.03,26.03,11.65,15.16,11.34,11.65,28.91,8.72,0,0,0,0,,,,20.33,-13.8,07-Jul-2025,05-Jun-2026,08-Jul-2026,01-Jul-2026,15.79,13.24,12.56,14.68,https://nsearchives.nseindia.com/365d/INDIA-VIX.svg,https://nsearchives.nseindia.com/30d/INDIA-VIX.svg,https://nsearchives.nseindia.com/today/INDIA-VIX.svg
BROAD MARKET INDICES,NIFTY MIDCAP 150,NIFTY MIDCAP 150,22537.85,-374.45,-1.63,22798.75,22894.05,22431.35,22912.3,23138.9,19218.0,0,28.87,4.72,0.66,125,25,0,2.98,2.79,07-Jul-2025,05-Jun-2026,08-Jul-2026,01-Jul-2026,22251.8,22823.5,21916.3,22537.85,https://nsearchives.nseindia.com/365d/NIFTY-MIDCAP-150.svg,https://nsearchives.nseindia.com/30d/NIFTY-MIDCAP-150.svg,https://nsearchives.nseindia.com/today/NIFTY-MIDCAP-150.svg
BROAD MARKET INDICES,NIFTY SMALLCAP 50,NIFTY SMLCAP 50,9306.85,-224.85,-2.36,9488.0,9523.15,9266.1,9531.7,9602.5,7338.35,0,31.74,3.48,0.61,47,3,0,1.85,6.17,07-Jul-2025,05-Jun-2026,08-Jul-2026,01-Jul-2026,8909.55,9354.15,9161.75,9306.85,https://nsearchives.nseindia.com/365d/NIFTY-SMLCAP-50.svg,https://nsearchives.nseindia.com/30d/NIFTY-SMLCAP-50.svg,https://nsearchives.nseindia.com/today/NIFTY-SMLCAP-50.svg
BROAD MARKET INDICES,NIFTY SMALLCAP 250,NIFTY SMLCAP 250,17597.9,-355.2,-1.98,17866.15,17954.0,17526.3,17953.1,18118.2,14143.45,0,35.27,3.7,0.64,220,30,0,-0.49,5.07,07-Jul-2025,05-Jun-2026,08-Jul-2026,01-Jul-2026,17054.5,17801.55,17726.35,17597.9,https://nsearchives.nseindia.com/365d/NIFTY-SMLCAP-250.svg,https://nsearchives.nseindia.com/30d/NIFTY-SMLCAP-250.svg,https://nsearchives.nseindia.com/today/NIFTY-SMLCAP-250.svg
BROAD MARKET INDICES,NIFTY MIDSMALLCAP 400,NIFTY MIDSML 400,20740.45,-370.0,-1.75,21006.65,21098.4,20647.75,21110.45,21245.8,17390.85,0,30.78,4.31,0.65,345,55,0,1.68,3.56,07-Jul-2025,05-Jun-2026,08-Jul-2026,01-Jul-2026,20347.85,20995.45,20433.2,20740.45,https://nsearchives.nseindia.com/365d/NIFTY-MIDSML-400.svg,https://nsearchives.nseindia.com/30d/NIFTY-MIDSML-400.svg,https://nsearchives.nseindia.com/today/NIFTY-MIDSML-400.svg
BROAD MARKET INDICES,NIFTY500 MULTICAP 50:25:25,NIFTY500 MULTICAP,16199.5,-320.55,-1.94,16431.55,16484.85,16136.95,16520.05,16681.75,14102.2,0,24.66,3.59,0.94,434,65,1,-1.64,3.57,07-Jul-2025,05-Jun-2026,08-Jul-2026,01-Jul-2026,15864.25,16356.85,16468.7,16199.5,https://nsearchives.nseindia.com/365d/NIFTY500-MULTICAP.svg,https://nsearchives.nseindia.com/30d/NIFTY500-MULTICAP.svg,https://nsearchives.nseindia.com/today/NIFTY500-MULTICAP.svg
BROAD MARKET INDICES,NIFTY LARGEMIDCAP 250,NIFTY LARGEMID250,16380.0,-309.55,-1.85,16599.65,16651.3,16313.8,16689.55,17077.75,14445.65,0,23.73,3.79,0.95,214,35,1,-0.9,2.99,07-Jul-2025,05-Jun-2026,08-Jul-2026,01-Jul-2026,16117.5,16543.6,16524.35,16380.0,https://nsearchives.nseindia.com/365d/NIFTY-LARGEMID250.svg,https://nsearchives.nseindia.com/30d/NIFTY-LARGEMID250.svg,https://nsearchives.nseindia.com/today/NIFTY-LARGEMID250.svg
BROAD MARKET INDICES,NIFTY TOTAL MARKET,NIFTY TOTAL MKT,12920.85,-260.2,-1.97,13108.65,13147.75,12873.3,13181.05,13548.0,11436.55,0,22.82,3.46,1.03,645,104,2,-2.6,3.4,07-Jul-2025,05-Jun-2026,08-Jul-2026,01-Jul-2026,12664.25,13042.1,13255.2,12920.85,https://nsearchives.nseindia.com/365d/NIFTY-TOTAL-MKT.svg,https://nsearchives.nseindia.com/30d/NIFTY-TOTAL-MKT.svg,https://nsearchives.nseindia.com/today/NIFTY-TOTAL-MKT.svg
BROAD MARKET INDICES,NIFTY MICROCAP 250,NIFTY MICROCAP250,24682.55,-509.35,-2.02,25072.4,25264.1,24586.2,25191.9,25511.95,18858.5,0,27.96,3.53,0.61,211,39,1,2.23,5.37,07-Jul-2025,05-Jun-2026,08-Jul-2026,01-Jul-2026,23892.75,25185.05,24174.25,24682.55,https://nsearchives.nseindia.com/365d/NIFTY-MICROCAP250.svg,https://nsearchives.nseindia.com/30d/NIFTY-MICROCAP250.svg,https://nsearchives.nseindia.com/today/NIFTY-MICROCAP250.svg
BROAD MARKET INDICES,NIFTY500 LARGEMIDSMALL EQUAL-CAP WEIGHTED,NIFTY500 LMS EQL,18078.8,-349.35,-1.9,18332.25,18398.8,18006.05,18428.15,18539.9,15495.1,0,26.64,3.76,0.85,434,65,1,-0.64,3.69,07-Jul-2025,05-Jun-2026,08-Jul-2026,01-Jul-2026,17697.55,18268.9,18205.05,18078.8,https://nsearchives.nseindia.com/365d/NIFTY500-LMS-EQL.svg,https://nsearchives.nseindia.com/30d/NIFTY500-LMS-EQL.svg,https://nsearchives.nseindia.com/today/NIFTY500-LMS-EQL.svg
BROAD MARKET INDICES,NIFTY INDIA FPI 150,NIFTY FPI 150,1536.7,-30.2,-1.93,1558.0,1562.6,1531.0,1566.9,1641.4,1346.5,0,22.03,3.54,1.15,129,20,1,0.0,2.78,,05-Jun-2026,08-Jul-2026,01-Jul-2026,1513.9,1543.9,0.0,1536.7,,https://nsearchives.nseindia.com/30d/NIFTY-FPI-150.svg,https://nsearchives.nseindia.com/today/NIFTY-FPI-150.svg
BROAD MARKET INDICES,NIFTY SMALLCAP 500,NIFTY SMALLCAP 500,19956.35,-403.8,-1.98,20263.35,20372.85,19882.85,20360.15,20561.8,15960.2,0,32.66,3.66,0.64,431,67,2,0.0,4.97,,05-Jun-2026,08-Jul-2026,01-Jul-2026,19366.1,20244.65,0.0,19956.35,,https://nsearchives.nseindia.com/30d/NIFTY-SMALLCAP-500.svg,https://nsearchives.nseindia.com/today/NIFTY-SMALLCAP-500.svg
BROAD MARKET INDICES,NIFTY MIDSMALLCAP400 50:50,NIFTY MIDSMALL 50 50,20206.85,-371.85,-1.81,20477.9,20569.3,20118.75,20578.7,20724.15,16874.3,0,31.76,4.15,0.65,345,55,0,0.0,3.93,,05-Jun-2026,08-Jul-2026,01-Jul-2026,19765.0,20451.75,0.0,20206.85,,https://nsearchives.nseindia.com/30d/NIFTY-MIDSMALL-50-50.svg,https://nsearchives.nseindia.com/today/NIFTY-MIDSMALL-50-50.svg
SECTORAL INDICES,NIFTY AUTO,NIFTY AUTO,26733.4,-610.1,-2.23,27168.0,27367.15,26620.85,27343.5,29179.1,23378.9,0,30.84,4.61,1.15,12,3,0,12.08,4.09,07-Jul-2025,05-Jun-2026,08-Jul-2026,01-Jul-2026,26165.95,26783.2,23943.9,26733.4,https://nsearchives.nseindia.com/365d/NIFTY-AUTO.svg,https://nsearchives.nseindia.com/30d/NIFTY-AUTO.svg,https://nsearchives.nseindia.com/today/NIFTY-AUTO.svg
SECTORAL INDICES,NIFTY FINANCIAL SERVICES 25/50,NIFTY FINSRV25 50,28678.35,-726.4,-2.47,29233.4,29336.2,28584.2,29404.75,0.0,0.0,0,16.45,2.77,1.05,18,2,0,-1.43,6.17,07-Jul-2025,05-Jun-2026,08-Jul-2026,01-Jul-2026,27327.85,29057.7,28922.55,28678.35,https://nsearchives.nseindia.com/365d/NIFTY-FINSRV25-50.svg,https://nsearchives.nseindia.com/30d/NIFTY-FINSRV25-50.svg,https://nsearchives.nseindia.com/today/NIFTY-FINSRV25-50.svg
SECTORAL INDICES,NIFTY FMCG,NIFTY FMCG,48977.4,-1248.45,-2.49,49955.25,50035.65,48828.4,50225.85,58485.05,45334.15,0,33.7,8.29,0.93,15,0,0,-11.76,1.83,07-Jul-2025,05-Jun-2026,08-Jul-2026,01-Jul-2026,48302.45,49806.8,55652.85,48977.4,https://nsearchives.nseindia.com/365d/NIFTY-FMCG.svg,https://nsearchives.nseindia.com/30d/NIFTY-FMCG.svg,https://nsearchives.nseindia.com/today/NIFTY-FMCG.svg
SECTORAL INDICES,NIFTY IT,NIFTY IT,27555.2,-383.95,-1.37,27915.2,28067.85,27468.85,27939.15,40301.4,25699.1,0,18.02,4.93,3.11,9,0,1,-29.32,-3.83,07-Jul-2025,05-Jun-2026,08-Jul-2026,01-Jul-2026,29010.3,25769.8,38866.95,27555.2,https://nsearchives.nseindia.com/365d/NIFTY-IT.svg,https://nsearchives.nseindia.com/30d/NIFTY-IT.svg,https://nsearchives.nseindia.com/today/NIFTY-IT.svg
SECTORAL INDICES,NIFTY MEDIA,NIFTY MEDIA,1452.45,-34.35,-2.31,1478.15,1484.0,1446.7,1486.8,1786.15,1245.05,0,34.49,1.53,1.21,10,0,0,-16.6,-1.65,07-Jul-2025,05-Jun-2026,08-Jul-2026,01-Jul-2026,1502.45,1509.05,1743.55,1452.45,https://nsearchives.nseindia.com/365d/NIFTY-MEDIA.svg,https://nsearchives.nseindia.com/30d/NIFTY-MEDIA.svg,https://nsearchives.nseindia.com/today/NIFTY-MEDIA.svg
SECTORAL INDICES,NIFTY METAL,NIFTY METAL,12468.7,-114.05,-0.91,12482.25,12655.65,12394.55,12582.75,13931.35,9086.35,0,16.62,2.69,1.74,11,4,0,31.01,-3.45,07-Jul-2025,05-Jun-2026,08-Jul-2026,01-Jul-2026,13221.65,12394.75,9522.15,12468.7,https://nsearchives.nseindia.com/365d/NIFTY-METAL.svg,https://nsearchives.nseindia.com/30d/NIFTY-METAL.svg,https://nsearchives.nseindia.com/today/NIFTY-METAL.svg
SECTORAL INDICES,NIFTY PHARMA,NIFTY PHARMA,25429.8,-247.9,-0.97,25669.7,25989.15,25308.95,25677.7,26022.75,21149.9,0,38.85,5.33,0.61,18,2,0,14.72,5.31,07-Jul-2025,05-Jun-2026,08-Jul-2026,01-Jul-2026,24248.05,25182.7,22365.05,25429.8,https://nsearchives.nseindia.com/365d/NIFTY-PHARMA.svg,https://nsearchives.nseindia.com/30d/NIFTY-PHARMA.svg,https://nsearchives.nseindia.com/today/NIFTY-PHARMA.svg
SECTORAL INDICES,NIFTY PSU BANK,NIFTY PSU BANK,8072.3,-226.0,-2.72,8238.0,8269.5,8034.2,8298.3,9918.65,6730.3,0,7.71,1.13,1.07,12,0,0,13.32,-1.55,07-Jul-2025,05-Jun-2026,08-Jul-2026,01-Jul-2026,8259.05,8576.6,7141.25,8072.3,https://nsearchives.nseindia.com/365d/NIFTY-PSU-BANK.svg,https://nsearchives.nseindia.com/30d/NIFTY-PSU-BANK.svg,https://nsearchives.nseindia.com/today/NIFTY-PSU-BANK.svg
SECTORAL INDICES,NIFTY PRIVATE BANK,NIFTY PVT BANK,27591.65,-713.7,-2.52,28204.9,28259.45,27534.3,28305.35,29748.45,23957.45,0,17.99,2.16,0.66,10,0,0,-2.3,5.62,07-Jul-2025,05-Jun-2026,08-Jul-2026,01-Jul-2026,26299.25,28177.75,28055.7,27591.65,https://nsearchives.nseindia.com/365d/NIFTY-PVT-BANK.svg,https://nsearchives.nseindia.com/30d/NIFTY-PVT-BANK.svg,https://nsearchives.nseindia.com/today/NIFTY-PVT-BANK.svg
SECTORAL INDICES,NIFTY REALTY,NIFTY REALTY,875.95,-16.65,-1.87,885.35,905.6,871.0,892.6,1009.3,638.65,0,38.54,4.14,0.34,8,2,0,-10.83,16.92,07-Jul-2025,05-Jun-2026,08-Jul-2026,01-Jul-2026,768.9,859.25,972.75,875.95,https://nsearchives.nseindia.com/365d/NIFTY-REALTY.svg,https://nsearchives.nseindia.com/30d/NIFTY-REALTY.svg,https://nsearchives.nseindia.com/today/NIFTY-REALTY.svg
SECTORAL INDICES,NIFTY HEALTHCARE INDEX,NIFTY HEALTHCARE,16145.75,-198.15,-1.21,16333.2,16515.75,16074.05,16343.9,16578.75,13536.5,0,41.83,5.86,0.51,19,1,0,10.68,4.69,07-Jul-2025,05-Jun-2026,08-Jul-2026,01-Jul-2026,15409.35,16060.95,14719.4,16145.75,https://nsearchives.nseindia.com/365d/NIFTY-HEALTHCARE.svg,https://nsearchives.nseindia.com/30d/NIFTY-HEALTHCARE.svg,https://nsearchives.nseindia.com/today/NIFTY-HEALTHCARE.svg
SECTORAL INDICES,NIFTY CONSUMER DURABLES,NIFTY CONSR DURBL,37209.6,-499.7,-1.33,37578.25,37812.15,37002.05,37709.3,40472.45,32587.95,0,66.94,11.99,0.27,12,1,0,-2.72,6.51,07-Jul-2025,05-Jun-2026,08-Jul-2026,01-Jul-2026,35464.55,36446.9,39144.3,37209.6,https://nsearchives.nseindia.com/365d/NIFTY-CONSR-DURBL.svg,https://nsearchives.nseindia.com/30d/NIFTY-CONSR-DURBL.svg,https://nsearchives.nseindia.com/today/NIFTY-CONSR-DURBL.svg
SECTORAL INDICES,NIFTY OIL & GAS,NIFTY OIL AND GAS,10998.55,-250.35,-2.23,11157.75,11177.95,10962.25,11248.9,12445.7,10580.95,0,8.74,1.49,2.46,12,3,0,-8.83,0.61,07-Jul-2025,05-Jun-2026,08-Jul-2026,01-Jul-2026,11106.2,11084.15,12051.85,10998.55,https://nsearchives.nseindia.com/365d/NIFTY-OIL-AND-GAS.svg,https://nsearchives.nseindia.com/30d/NIFTY-OIL-AND-GAS.svg,https://nsearchives.nseindia.com/today/NIFTY-OIL-AND-GAS.svg
SECTORAL INDICES,NIFTY MIDSMALL HEALTHCARE,NIFTY MIDSML HLTH,49861.1,-704.7,-1.39,50476.65,51038.55,49618.85,50565.8,51219.15,40352.9,0,45.12,6.05,0.37,26,4,0,13.46,4.12,07-Jul-2025,05-Jun-2026,08-Jul-2026,01-Jul-2026,47987.5,49846.0,44317.55,49861.1,https://nsearchives.nseindia.com/365d/NIFTY-MIDSML-HLTH.svg,https://nsearchives.nseindia.com/30d/NIFTY-MIDSML-HLTH.svg,https://nsearchives.nseindia.com/today/NIFTY-MIDSML-HLTH.svg
SECTORAL INDICES,NIFTY FINANCIAL SERVICES EX-BANK,NIFTY FINSEREXBNK,31414.7,-818.05,-2.54,31945.0,32115.1,31248.9,32232.75,32654.2,26788.05,0,22.44,4.25,0.74,27,3,0,4.16,6.07,07-Jul-2025,05-Jun-2026,08-Jul-2026,01-Jul-2026,30138.3,32123.5,30199.95,31414.7,https://nsearchives.nseindia.com/365d/NIFTY-FINSEREXBNK.svg,https://nsearchives.nseindia.com/30d/NIFTY-FINSEREXBNK.svg,https://nsearchives.nseindia.com/today/NIFTY-FINSEREXBNK.svg
SECTORAL INDICES,NIFTY MIDSMALL FINANCIAL SERVICES,NIFTY MS FIN SERV,21945.4,-395.5,-1.77,22182.95,22382.15,21802.8,22340.9,22712.05,17421.5,0,28.46,3.3,0.38,27,3,0,17.3,3.65,07-Jul-2025,05-Jun-2026,08-Jul-2026,01-Jul-2026,21389.75,22473.25,18862.05,21945.4,https://nsearchives.nseindia.com/365d/NIFTY-MS-FIN-SERV.svg,https://nsearchives.nseindia.com/30d/NIFTY-MS-FIN-SERV.svg,https://nsearchives.nseindia.com/today/NIFTY-MS-FIN-SERV.svg
SECTORAL INDICES,NIFTY MIDSMALL IT & TELECOM,NIFTY MS IT TELCM,9228.95,-167.4,-1.78,9371.1,9396.75,9188.5,9396.35,10591.6,7748.35,0,17.98,8.59,0.92,17,3,0,-11.12,-2.06,07-Jul-2025,05-Jun-2026,08-Jul-2026,01-Jul-2026,9556.85,9007.65,10394.5,9228.95,https://nsearchives.nseindia.com/365d/NIFTY-MS-IT-TELCM.svg,https://nsearchives.nseindia.com/30d/NIFTY-MS-IT-TELCM.svg,https://nsearchives.nseindia.com/today/NIFTY-MS-IT-TELCM.svg
SECTORAL INDICES,NIFTY CHEMICALS,NIFTY CHEMICALS,29147.4,-801.0,-2.67,29850.8,29862.85,28999.4,29948.4,31895.45,24851.65,0,46.71,4.28,0.59,19,1,0,-7.43,1.84,07-Jul-2025,05-Jun-2026,08-Jul-2026,01-Jul-2026,29126.95,29454.5,31541.35,29147.4,https://nsearchives.nseindia.com/365d/NIFTY-CHEMICALS.svg,https://nsearchives.nseindia.com/30d/NIFTY-CHEMICALS.svg,https://nsearchives.nseindia.com/today/NIFTY-CHEMICALS.svg
SECTORAL INDICES,NIFTY500 HEALTHCARE,NIFTY500 HEALTH,20900.85,-239.5,-1.13,21118.95,21359.6,20809.4,21140.35,21431.15,16294.6,0,44.02,6.18,0.47,41,8,0,0.0,4.77,,05-Jun-2026,08-Jul-2026,01-Jul-2026,19963.85,20858.75,0.0,20900.85,,https://nsearchives.nseindia.com/30d/NIFTY500-HEALTH.svg,https://nsearchives.nseindia.com/today/NIFTY500-HEALTH.svg
SECTORAL INDICES,NIFTY REITS & REALTY,NIFTY REITS REALTY,1913.9,-20.95,-1.08,1930.25,1946.8,1909.55,1934.85,1976.65,1632.55,0,52.25,2.63,3.25,12,3,0,0.0,9.4,,05-Jun-2026,08-Jul-2026,01-Jul-2026,1769.25,1889.95,0.0,1913.9,,https://nsearchives.nseindia.com/30d/NIFTY-REITS-REALTY.svg,https://nsearchives.nseindia.com/today/NIFTY-REITS-REALTY.svg
SECTORAL INDICES,NIFTY CEMENT,NIFTY CEMENT,14873.5,-392.5,-2.57,15181.2,15235.75,14832.05,15266.0,18188.6,13534.8,0,28.2,2.25,0.4,16,0,0,0.0,4.74,,05-Jun-2026,08-Jul-2026,01-Jul-2026,14438.55,14966.45,0.0,14873.5,,https://nsearchives.nseindia.com/30d/NIFTY-CEMENT.svg,https://nsearchives.nseindia.com/today/NIFTY-CEMENT.svg
STRATEGY INDICES,NIFTY DIVIDEND OPPORTUNITIES 50,NIFTY DIV OPPS 50,5711.75,-104.85,-1.8,5784.55,5792.85,5694.15,5816.6,6584.65,5614.0,0,12.76,2.5,2.48,41,8,1,-7.04,-0.84,07-Jul-2025,05-Jun-2026,08-Jul-2026,01-Jul-2026,5821.65,5714.3,6123.35,5711.75,https://nsearchives.nseindia.com/365d/NIFTY-DIV-OPPS-50.svg,https://nsearchives.nseindia.com/30d/NIFTY-DIV-OPPS-50.svg,https://nsearchives.nseindia.com/today/NIFTY-DIV-OPPS-50.svg
STRATEGY INDICES,NIFTY GROWTH SECTORS 15,NIFTY GROWSECT 15,10847.0,-185.95,-1.69,10992.75,11026.5,10808.55,11032.95,12852.45,10329.35,0,27.32,6.69,1.5,15,0,0,-6.92,1.96,07-Jul-2025,05-Jun-2026,08-Jul-2026,01-Jul-2026,10735.25,10594.0,11666.75,10847.0,https://nsearchives.nseindia.com/365d/NIFTY-GROWSECT-15.svg,https://nsearchives.nseindia.com/30d/NIFTY-GROWSECT-15.svg,https://nsearchives.nseindia.com/today/NIFTY-GROWSECT-15.svg
STRATEGY INDICES,NIFTY100 QUALITY 30,NIFTY100 QUALTY30,5459.35,-98.9,-1.78,5528.7,5545.45,5438.4,5558.25,0.0,0.0,0,26.91,6.97,1.73,26,3,1,-4.26,0.83,07-Jul-2025,05-Jun-2026,08-Jul-2026,01-Jul-2026,5460.35,5416.5,5708.35,5459.35,https://nsearchives.nseindia.com/365d/NIFTY100-QUALTY30.svg,https://nsearchives.nseindia.com/30d/NIFTY100-QUALTY30.svg,https://nsearchives.nseindia.com/today/NIFTY100-QUALTY30.svg
STRATEGY INDICES,NIFTY50 VALUE 20,NIFTY50 VALUE 20,11867.0,-225.95,-1.87,12042.05,12067.5,11835.15,12092.95,13684.4,11528.6,0,14.74,2.1,1.71,16,3,1,-8.45,0.35,07-Jul-2025,05-Jun-2026,08-Jul-2026,01-Jul-2026,11908.35,11884.4,12931.6,11867.0,https://nsearchives.nseindia.com/365d/NIFTY50-VALUE-20.svg,https://nsearchives.nseindia.com/30d/NIFTY50-VALUE-20.svg,https://nsearchives.nseindia.com/today/NIFTY50-VALUE-20.svg
STRATEGY INDICES,NIFTY50 TR 2X LEVERAGE,NIFTY50 TR 2X LEV,17877.9,-793.45,-4.25,18455.7,18517.2,17763.4,18671.35,22435.45,15547.15,0,0,0,0,,,,-16.46,6.73,07-Jul-2025,05-Jun-2026,08-Jul-2026,01-Jul-2026,17114.55,18075.2,21297.4,17877.9,https://nsearchives.nseindia.com/365d/NIFTY50-TR-2X-LEV.svg,https://nsearchives.nseindia.com/30d/NIFTY50-TR-2X-LEV.svg,https://nsearchives.nseindia.com/today/NIFTY50-TR-2X-LEV.svg
STRATEGY INDICES,NIFTY50 PR 2X LEVERAGE,NIFTY50 PR 2X LEV,11791.55,-523.3,-4.25,12172.65,12213.2,11716.0,12314.85,14993.4,10365.7,0,0,0,0,,,,-18.32,6.06,07-Jul-2025,05-Jun-2026,08-Jul-2026,01-Jul-2026,11359.5,11932.65,14369.35,11791.55,https://nsearchives.nseindia.com/365d/NIFTY50-PR-2X-LEV.svg,https://nsearchives.nseindia.com/30d/NIFTY50-PR-2X-LEV.svg,https://nsearchives.nseindia.com/today/NIFTY50-PR-2X-LEV.svg
STRATEGY INDICES,NIFTY50 TR 1X INVERSE,NIFTY50 TR 1X INV,180.15,3.75,2.13,177.4,180.7,177.1,176.4,193.35,161.8,0,0,0,0,,,,9.48,-3.2,07-Jul-2025,05-Jun-2026,08-Jul-2026,01-Jul-2026,184.1,179.2,164.95,180.15,https://nsearchives.nseindia.com/365d/NIFTY50-TR-1X-INV.svg,https://nsearchives.nseindia.com/30d/NIFTY50-TR-1X-INV.svg,https://nsearchives.nseindia.com/today/NIFTY50-TR-1X-INV.svg
STRATEGY INDICES,NIFTY50 PR 1X INVERSE,NIFTY50 PR 1X INV,221.45,4.65,2.14,218.1,222.1,217.7,216.8,236.5,197.8,0,0,0,0,,,,10.64,-2.89,07-Jul-2025,05-Jun-2026,08-Jul-2026,01-Jul-2026,225.6,220.2,200.6,221.45,https://nsearchives.nseindia.com/365d/NIFTY50-PR-1X-INV.svg,https://nsearchives.nseindia.com/30d/NIFTY50-PR-1X-INV.svg,https://nsearchives.nseindia.com/today/NIFTY50-PR-1X-INV.svg
STRATEGY INDICES,NIFTY50 DIVIDEND POINTS,NIFTY50 DIV POINT,128.89,0.0,0.0,128.89,128.89,128.89,128.89,0.0,0.0,0,0,0,0,,,,-1.82,141.64,07-Jul-2025,05-Jun-2026,08-Jul-2026,01-Jul-2026,53.34,117.69,129.69,128.89,https://nsearchives.nseindia.com/365d/NIFTY50-DIV-POINT.svg,https://nsearchives.nseindia.com/30d/NIFTY50-DIV-POINT.svg,https://nsearchives.nseindia.com/today/NIFTY50-DIV-POINT.svg
STRATEGY INDICES,NIFTY ALPHA 50,NIFTY ALPHA 50,52893.5,-473.45,-0.89,53046.15,53718.75,52615.1,53366.95,0.0,0.0,0,24.41,4.98,0.78,37,13,0,0.41,3.59,07-Jul-2025,05-Jun-2026,08-Jul-2026,01-Jul-2026,52203.05,53609.8,53216.55,52893.5,https://nsearchives.nseindia.com/365d/NIFTY-ALPHA-50.svg,https://nsearchives.nseindia.com/30d/NIFTY-ALPHA-50.svg,https://nsearchives.nseindia.com/today/NIFTY-ALPHA-50.svg
STRATEGY INDICES,NIFTY50 EQUAL WEIGHT,NIFTY50 EQL WGT,32395.55,-649.95,-1.97,32864.05,32929.05,32292.8,33045.5,0.0,0.0,0,23.86,3.56,1.3,45,4,1,1.41,2.04,07-Jul-2025,05-Jun-2026,08-Jul-2026,01-Jul-2026,32123.9,32556.1,31920.3,32395.55,https://nsearchives.nseindia.com/365d/NIFTY50-EQL-WGT.svg,https://nsearchives.nseindia.com/30d/NIFTY50-EQL-WGT.svg,https://nsearchives.nseindia.com/today/NIFTY50-EQL-WGT.svg
STRATEGY INDICES,NIFTY100 EQUAL WEIGHT,NIFTY100 EQL WGT,33997.7,-671.25,-1.94,34460.45,34592.5,33865.2,34668.95,0.0,0.0,0,20.58,3.38,1.29,89,10,1,2.51,2.36,07-Jul-2025,05-Jun-2026,08-Jul-2026,01-Jul-2026,33711.2,34320.45,33165.95,33997.7,https://nsearchives.nseindia.com/365d/NIFTY100-EQL-WGT.svg,https://nsearchives.nseindia.com/30d/NIFTY100-EQL-WGT.svg,https://nsearchives.nseindia.com/today/NIFTY100-EQL-WGT.svg
STRATEGY INDICES,NIFTY100 LOW VOLATILITY 30,NIFTY100 LOWVOL30,19864.7,-371.75,-1.84,20140.25,20201.8,19809.3,20236.45,0.0,0.0,0,24.96,4.21,1.36,27,2,1,-2.25,3.93,07-Jul-2025,05-Jun-2026,08-Jul-2026,01-Jul-2026,19304.3,19811.5,20376.25,19864.7,https://nsearchives.nseindia.com/365d/NIFTY100-LOWVOL30.svg,https://nsearchives.nseindia.com/30d/NIFTY100-LOWVOL30.svg,https://nsearchives.nseindia.com/today/NIFTY100-LOWVOL30.svg
STRATEGY INDICES,NIFTY200 QUALITY 30,NIFTY200 QUALTY30,19776.05,-352.7,-1.75,20036.8,20095.9,19700.5,20128.75,0.0,0.0,0,27.86,9.08,1.74,26,4,0,-6.5,0.34,07-Jul-2025,05-Jun-2026,08-Jul-2026,01-Jul-2026,19862.75,19662.4,21127.75,19776.05,https://nsearchives.nseindia.com/365d/NIFTY200-QUALTY30.svg,https://nsearchives.nseindia.com/30d/NIFTY200-QUALTY30.svg,https://nsearchives.nseindia.com/today/NIFTY200-QUALTY30.svg
STRATEGY INDICES,NIFTY ALPHA LOW-VOLATILITY 30,NIFTY ALPHALOWVOL,26568.75,-402.85,-1.49,26813.75,26954.3,26469.95,26971.6,0.0,0.0,0,26.85,4.47,0.99,25,5,0,-2.23,5.41,07-Jul-2025,05-Jun-2026,08-Jul-2026,01-Jul-2026,25410.5,26481.3,27158.5,26568.75,https://nsearchives.nseindia.com/365d/NIFTY-ALPHALOWVOL.svg,https://nsearchives.nseindia.com/30d/NIFTY-ALPHALOWVOL.svg,https://nsearchives.nseindia.com/today/NIFTY-ALPHALOWVOL.svg
STRATEGY INDICES,NIFTY200 MOMENTUM 30,NIFTY200MOMENTM30,30099.25,-185.85,-0.61,30086.35,30507.4,29913.35,30285.1,0.0,0.0,0,25.92,4.82,1.05,20,10,0,-4.23,1.77,07-Jul-2025,05-Jun-2026,08-Jul-2026,01-Jul-2026,30013.05,30893.75,31384.05,30099.25,https://nsearchives.nseindia.com/365d/NIFTY200MOMENTM30.svg,https://nsearchives.nseindia.com/30d/NIFTY200MOMENTM30.svg,https://nsearchives.nseindia.com/today/NIFTY200MOMENTM30.svg
STRATEGY INDICES,NIFTY MIDCAP150 QUALITY 50,NIFTY M150 QLTY50,23617.3,-457.55,-1.9,23992.25,24055.0,23511.2,24074.85,0.0,0.0,0,32.02,7.42,1.09,46,4,0,-5.68,1.47,07-Jul-2025,05-Jun-2026,08-Jul-2026,01-Jul-2026,23628.55,23885.65,25042.35,23617.3,https://nsearchives.nseindia.com/365d/NIFTY-M150-QLTY50.svg,https://nsearchives.nseindia.com/30d/NIFTY-M150-QLTY50.svg,https://nsearchives.nseindia.com/today/NIFTY-M150-QLTY50.svg
STRATEGY INDICES,NIFTY200 ALPHA 30,NIFTY200 ALPHA 30,25748.05,-226.3,-0.87,25792.95,26192.7,25611.0,25974.35,0.0,0.0,0,21.65,5.38,0.99,20,10,0,0.98,2.37,07-Jul-2025,05-Jun-2026,08-Jul-2026,01-Jul-2026,25604.05,26265.5,25586.65,25748.05,https://nsearchives.nseindia.com/365d/NIFTY200-ALPHA-30.svg,https://nsearchives.nseindia.com/30d/NIFTY200-ALPHA-30.svg,https://nsearchives.nseindia.com/today/NIFTY200-ALPHA-30.svg
STRATEGY INDICES,NIFTY MIDCAP150 MOMENTUM 50,NIFTYM150MOMNTM50,61207.7,-576.3,-0.93,61433.8,62042.15,60863.4,61784.0,0.0,0.0,0,28.58,5.59,0.49,40,10,0,-2.61,0.2,07-Jul-2025,05-Jun-2026,08-Jul-2026,01-Jul-2026,62241.75,63083.65,63112.3,61207.7,https://nsearchives.nseindia.com/365d/NIFTYM150MOMNTM50.svg,https://nsearchives.nseindia.com/30d/NIFTYM150MOMNTM50.svg,https://nsearchives.nseindia.com/today/NIFTYM150MOMNTM50.svg
STRATEGY INDICES,NIFTY500 MOMENTUM 50,NIFTY500MOMENTM50,52400.65,-283.1,-0.54,52354.3,53087.6,52092.0,52683.75,0.0,0.0,0,32.84,6.56,0.47,31,19,0,-2.95,1.71,07-Jul-2025,05-Jun-2026,08-Jul-2026,01-Jul-2026,52409.6,53835.75,54137.2,52400.65,https://nsearchives.nseindia.com/365d/NIFTY500MOMENTM50.svg,https://nsearchives.nseindia.com/30d/NIFTY500MOMENTM50.svg,https://nsearchives.nseindia.com/today/NIFTY500MOMENTM50.svg
STRATEGY INDICES,NIFTY MIDSMALLCAP400 MOMENTUM QUALITY 100,NIFTYMS400 MQ 100,49611.7,-602.6,-1.2,49986.55,50368.65,49328.45,50214.3,0.0,0.0,0,30.87,6.71,0.7,88,12,0,-1.75,1.08,07-Jul-2025,05-Jun-2026,08-Jul-2026,01-Jul-2026,49848.55,50470.4,50797.3,49611.7,https://nsearchives.nseindia.com/365d/NIFTYMS400-MQ-100.svg,https://nsearchives.nseindia.com/30d/NIFTYMS400-MQ-100.svg,https://nsearchives.nseindia.com/today/NIFTYMS400-MQ-100.svg
STRATEGY INDICES,NIFTY SMALLCAP250 MOMENTUM QUALITY 100,NIFTYSML250MQ 100,46237.75,-918.05,-1.95,46923.35,47202.85,46012.0,47155.8,0.0,0.0,0,28.39,4.84,0.73,90,10,0,-3.45,4.98,07-Jul-2025,05-Jun-2026,08-Jul-2026,01-Jul-2026,44863.3,46397.25,48139.05,46237.75,https://nsearchives.nseindia.com/365d/NIFTYSML250MQ-100.svg,https://nsearchives.nseindia.com/30d/NIFTYSML250MQ-100.svg,https://nsearchives.nseindia.com/today/NIFTYSML250MQ-100.svg
STRATEGY INDICES,NIFTY TOP 10 EQUAL WEIGHT,NIFTY TOP 10 EW,8455.45,-188.6,-2.18,8603.2,8619.15,8434.15,8644.05,0.0,0.0,0,18.02,3.1,1.32,10,0,0,-15.1,1.84,07-Jul-2025,05-Jun-2026,08-Jul-2026,01-Jul-2026,8378.45,8525.4,9911.5,8455.45,https://nsearchives.nseindia.com/365d/NIFTY-TOP-10-EW.svg,https://nsearchives.nseindia.com/30d/NIFTY-TOP-10-EW.svg,https://nsearchives.nseindia.com/today/NIFTY-TOP-10-EW.svg
STRATEGY INDICES,NIFTY ALPHA QUALITY LOW-VOLATILITY 30,NIFTY AQL 30,22709.65,-368.45,-1.6,22988.6,23079.8,22626.5,23078.1,0.0,0.0,0,29.26,7.03,1.32,26,4,0,0.31,4.05,07-Jul-2025,05-Jun-2026,08-Jul-2026,01-Jul-2026,22000.3,22725.3,22680.85,22709.65,https://nsearchives.nseindia.com/365d/NIFTY-AQL-30.svg,https://nsearchives.nseindia.com/30d/NIFTY-AQL-30.svg,https://nsearchives.nseindia.com/today/NIFTY-AQL-30.svg
STRATEGY INDICES,NIFTY ALPHA QUALITY VALUE LOW-VOLATILITY 30,NIFTY AQLV 30,20059.05,-266.25,-1.31,20246.35,20337.1,19986.85,20325.3,0.0,0.0,0,16.73,3.12,1.61,24,6,0,-3.72,2.84,07-Jul-2025,05-Jun-2026,08-Jul-2026,01-Jul-2026,19667.2,20026.4,20866.85,20059.05,https://nsearchives.nseindia.com/365d/NIFTY-AQLV-30.svg,https://nsearchives.nseindia.com/30d/NIFTY-AQLV-30.svg,https://nsearchives.nseindia.com/today/NIFTY-AQLV-30.svg
STRATEGY INDICES,NIFTY HIGH BETA 50,NIFTY HIGHBETA 50,4267.25,-109.85,-2.51,4342.15,4378.5,4246.5,4377.1,0.0,0.0,0,20.12,3.6,0.9,42,8,0,11.35,3.41,07-Jul-2025,05-Jun-2026,08-Jul-2026,01-Jul-2026,4216.9,4352.5,3832.1,4267.25,https://nsearchives.nseindia.com/365d/NIFTY-HIGHBETA-50.svg,https://nsearchives.nseindia.com/30d/NIFTY-HIGHBETA-50.svg,https://nsearchives.nseindia.com/today/NIFTY-HIGHBETA-50.svg
STRATEGY INDICES,NIFTY LOW VOLATILITY 50,NIFTY LOW VOL 50,24355.15,-451.2,-1.82,24699.65,24754.8,24281.95,24806.35,0.0,0.0,0,26.47,4.58,1.29,46,3,1,-4.33,3.39,07-Jul-2025,05-Jun-2026,08-Jul-2026,01-Jul-2026,23767.8,24333.25,25473.3,24355.15,https://nsearchives.nseindia.com/365d/NIFTY-LOW-VOL-50.svg,https://nsearchives.nseindia.com/30d/NIFTY-LOW-VOL-50.svg,https://nsearchives.nseindia.com/today/NIFTY-LOW-VOL-50.svg
STRATEGY INDICES,NIFTY QUALITY LOW-VOLATILITY 30,NIFTY QLTY LV 30,16388.7,-282.25,-1.69,16613.8,16673.65,16333.25,16670.95,0.0,0.0,0,26.77,5.9,1.53,27,3,0,-5.36,3.42,07-Jul-2025,05-Jun-2026,08-Jul-2026,01-Jul-2026,15960.5,16271.65,17342.2,16388.7,https://nsearchives.nseindia.com/365d/NIFTY-QLTY-LV-30.svg,https://nsearchives.nseindia.com/30d/NIFTY-QLTY-LV-30.svg,https://nsearchives.nseindia.com/today/NIFTY-QLTY-LV-30.svg
STRATEGY INDICES,NIFTY SMALLCAP250 QUALITY 50,NIFTY SML250 Q50,24570.6,-519.9,-2.07,24975.05,25075.25,24462.1,25090.5,0.0,0.0,0,25.3,4.96,1.21,47,3,0,-12.51,2.08,07-Jul-2025,05-Jun-2026,08-Jul-2026,01-Jul-2026,24415.5,24773.25,28200.45,24570.6,https://nsearchives.nseindia.com/365d/NIFTY-SML250-Q50.svg,https://nsearchives.nseindia.com/30d/NIFTY-SML250-Q50.svg,https://nsearchives.nseindia.com/today/NIFTY-SML250-Q50.svg
STRATEGY INDICES,NIFTY TOP 15 EQUAL WEIGHT,NIFTY TOP 15 EW,9632.6,-246.65,-2.5,9821.2,9829.7,9604.35,9879.25,0.0,0.0,0,19.28,3.31,1.3,15,0,0,-7.74,3.46,07-Jul-2025,05-Jun-2026,08-Jul-2026,01-Jul-2026,9403.95,9748.75,10412.45,9632.6,https://nsearchives.nseindia.com/365d/NIFTY-TOP-15-EW.svg,https://nsearchives.nseindia.com/30d/NIFTY-TOP-15-EW.svg,https://nsearchives.nseindia.com/today/NIFTY-TOP-15-EW.svg
STRATEGY INDICES,NIFTY100 ALPHA 30,NIFTY100 ALPHA 30,17865.85,-260.15,-1.44,18002.7,18193.6,17784.45,18126.0,0.0,0.0,0,21.22,3.43,1.23,25,5,0,-3.25,1.68,07-Jul-2025,05-Jun-2026,08-Jul-2026,01-Jul-2026,17856.85,18001.25,18415.75,17865.85,https://nsearchives.nseindia.com/365d/NIFTY100-ALPHA-30.svg,https://nsearchives.nseindia.com/30d/NIFTY100-ALPHA-30.svg,https://nsearchives.nseindia.com/today/NIFTY100-ALPHA-30.svg
STRATEGY INDICES,NIFTY200 VALUE 30,NIFTY200 VALUE 30,14822.5,-298.15,-1.97,15006.95,15025.1,14771.05,15120.65,0.0,0.0,0,8.54,1.38,2.63,26,4,0,11.33,-2.42,07-Jul-2025,05-Jun-2026,08-Jul-2026,01-Jul-2026,15384.05,15138.4,13273.05,14822.5,https://nsearchives.nseindia.com/365d/NIFTY200-VALUE-30.svg,https://nsearchives.nseindia.com/30d/NIFTY200-VALUE-30.svg,https://nsearchives.nseindia.com/today/NIFTY200-VALUE-30.svg
STRATEGY INDICES,NIFTY500 EQUAL WEIGHT,NIFTY500 EW,14571.95,-291.0,-1.96,14787.1,14842.85,14513.95,14862.95,0.0,0.0,0,27.87,3.73,0.83,434,65,1,-0.15,3.71,07-Jul-2025,05-Jun-2026,08-Jul-2026,01-Jul-2026,14297.35,14752.4,14599.7,14571.95,https://nsearchives.nseindia.com/365d/NIFTY500-EW.svg,https://nsearchives.nseindia.com/30d/NIFTY500-EW.svg,https://nsearchives.nseindia.com/today/NIFTY500-EW.svg
STRATEGY INDICES,NIFTY500 MULTICAP MOMENTUM QUALITY 50,NIFTY MULTI MQ 50,40539.15,-430.8,-1.05,40689.55,41041.8,40320.2,40969.95,0.0,0.0,0,30.71,8.07,1,41,9,0,-6.59,-1.04,07-Jul-2025,05-Jun-2026,08-Jul-2026,01-Jul-2026,41542.5,41539.05,43579.75,40539.15,https://nsearchives.nseindia.com/365d/NIFTY-MULTI-MQ-50.svg,https://nsearchives.nseindia.com/30d/NIFTY-MULTI-MQ-50.svg,https://nsearchives.nseindia.com/today/NIFTY-MULTI-MQ-50.svg
STRATEGY INDICES,NIFTY500 VALUE 50,NIFTY500 VALUE 50,15817.4,-290.45,-1.8,16001.2,16038.7,15765.6,16107.85,0.0,0.0,0,9.64,1.42,2.61,45,5,0,10.18,-2.8,07-Jul-2025,05-Jun-2026,08-Jul-2026,01-Jul-2026,16487.1,16114.15,14322.2,15817.4,https://nsearchives.nseindia.com/365d/NIFTY500-VALUE-50.svg,https://nsearchives.nseindia.com/30d/NIFTY500-VALUE-50.svg,https://nsearchives.nseindia.com/today/NIFTY500-VALUE-50.svg
STRATEGY INDICES,NIFTY TOP 20 EQUAL WEIGHT,NIFTY TOP 20 EW,8612.1,-188.45,-2.14,8755.4,8766.55,8586.6,8800.55,0.0,0.0,0,21.21,3.59,1.4,20,0,0,-7.33,3.98,07-Jul-2025,05-Jun-2026,08-Jul-2026,01-Jul-2026,8364.65,8621.5,9294.2,8612.1,https://nsearchives.nseindia.com/365d/NIFTY-TOP-20-EW.svg,https://nsearchives.nseindia.com/30d/NIFTY-TOP-20-EW.svg,https://nsearchives.nseindia.com/today/NIFTY-TOP-20-EW.svg
STRATEGY INDICES,NIFTY500 QUALITY 50,NIFTY500 QLTY50,19335.45,-306.55,-1.56,19555.05,19636.25,19241.45,19642.0,0.0,0.0,0,26.88,9.27,1.49,43,7,0,-3.39,0.91,07-Jul-2025,05-Jun-2026,08-Jul-2026,01-Jul-2026,19471.9,19425.4,20045.1,19335.45,https://nsearchives.nseindia.com/365d/NIFTY500-QLTY50.svg,https://nsearchives.nseindia.com/30d/NIFTY500-QLTY50.svg,https://nsearchives.nseindia.com/today/NIFTY500-QLTY50.svg
STRATEGY INDICES,NIFTY500 LOW VOLATILITY 50,NIFTY500 LOWVOL50,21918.9,-345.4,-1.55,22174.3,22246.0,21840.35,22264.3,0.0,0.0,0,22.55,4.19,1.63,43,6,1,-0.42,2.05,07-Jul-2025,05-Jun-2026,08-Jul-2026,01-Jul-2026,21649.35,21815.15,21999.45,21918.9,https://nsearchives.nseindia.com/365d/NIFTY500-LOWVOL50.svg,https://nsearchives.nseindia.com/30d/NIFTY500-LOWVOL50.svg,https://nsearchives.nseindia.com/today/NIFTY500-LOWVOL50.svg
STRATEGY INDICES,NIFTY500 MULTIFACTOR MQVLV 50,NIFTY500 MQVLV50,30546.95,-492.7,-1.59,30908.0,31014.25,30441.8,31039.65,0.0,0.0,0,13.53,2.59,1.94,40,10,0,-3.76,1.58,07-Jul-2025,05-Jun-2026,08-Jul-2026,01-Jul-2026,30480.15,30889.35,31782.45,30546.95,https://nsearchives.nseindia.com/365d/NIFTY500-MQVLV50.svg,https://nsearchives.nseindia.com/30d/NIFTY500-MQVLV50.svg,https://nsearchives.nseindia.com/today/NIFTY500-MQVLV50.svg
STRATEGY INDICES,NIFTY50 USD,NIFTY50 USD,8658.1,-244.06,-2.74,8902.15,9107.1,8621.9,8902.16,0.0,0.0,0,,,,,,,-16.1,3.43,,05-Jun-2026,07-Jul-2026,01-Jul-2026,8528.43,8734.67,0.0,8902.16,,https://nsearchives.nseindia.com/30d/NIFTY50-USD.svg,https://nsearchives.nseindia.com/today/NIFTY50-USD.svg
STRATEGY INDICES,NIFTY500 FLEXICAP QUALITY 30,NIFTY500 FLEXICAP,9627.0,-189.9,-1.93,9779.15,9797.15,9583.7,9816.9,0.0,0.0,0,32.77,7.08,1.24,27,3,0,0.0,1.34,,05-Jun-2026,08-Jul-2026,01-Jul-2026,9583.7,9551.35,0.0,9627.0,,https://nsearchives.nseindia.com/30d/NIFTY500-FLEXICAP.svg,https://nsearchives.nseindia.com/today/NIFTY500-FLEXICAP.svg
STRATEGY INDICES,NIFTY TOTAL MARKET MOMENTUM QUALITY 50,NIFTY TMMQ 50,42878.4,-368.8,-0.85,42981.0,43440.5,42717.15,43247.2,0.0,0.0,0,35.14,9.85,0.97,37,13,0,0.0,-0.24,,05-Jun-2026,08-Jul-2026,01-Jul-2026,43799.05,43897.05,0.0,42878.4,,https://nsearchives.nseindia.com/30d/NIFTY-TMMQ-50.svg,https://nsearchives.nseindia.com/today/NIFTY-TMMQ-50.svg
THEMATIC INDICES,NIFTY COMMODITIES,NIFTY COMMODITIES,9760.75,-146.9,-1.48,9842.45,9881.95,9720.95,9907.65,10569.65,8560.6,0,14.11,2.14,1.79,24,6,0,7.97,-1.82,07-Jul-2025,05-Jun-2026,08-Jul-2026,01-Jul-2026,10103.3,9785.45,9004.95,9760.75,https://nsearchives.nseindia.com/365d/NIFTY-COMMODITIES.svg,https://nsearchives.nseindia.com/30d/NIFTY-COMMODITIES.svg,https://nsearchives.nseindia.com/today/NIFTY-COMMODITIES.svg
THEMATIC INDICES,NIFTY INDIA CONSUMPTION,NIFTY CONSUMPTION,11628.6,-245.75,-2.07,11795.6,11825.15,11581.7,11874.35,12716.2,10298.5,0,38.77,7.6,0.73,28,2,0,-1.36,4.92,07-Jul-2025,05-Jun-2026,08-Jul-2026,01-Jul-2026,11193.35,11692.6,11827.85,11628.6,https://nsearchives.nseindia.com/365d/NIFTY-CONSUMPTION.svg,https://nsearchives.nseindia.com/30d/NIFTY-CONSUMPTION.svg,https://nsearchives.nseindia.com/today/NIFTY-CONSUMPTION.svg
THEMATIC INDICES,NIFTY CPSE,NIFTY CPSE,6614.75,-75.4,-1.13,6670.25,6695.15,6598.25,6690.15,7593.35,6101.9,0,12.6,2.13,2.81,8,3,0,-0.33,-4.36,07-Jul-2025,05-Jun-2026,08-Jul-2026,01-Jul-2026,6906.15,6704.65,6577.3,6614.75,https://nsearchives.nseindia.com/365d/NIFTY-CPSE.svg,https://nsearchives.nseindia.com/30d/NIFTY-CPSE.svg,https://nsearchives.nseindia.com/today/NIFTY-CPSE.svg
THEMATIC INDICES,NIFTY ENERGY,NIFTY ENERGY,38695.65,-492.8,-1.26,39012.65,39100.8,38554.35,39188.45,41828.55,32890.3,0,14.11,2.29,1.94,31,9,0,5.71,-2.49,07-Jul-2025,05-Jun-2026,08-Jul-2026,01-Jul-2026,40346.1,39764.85,36532.4,38695.65,https://nsearchives.nseindia.com/365d/NIFTY-ENERGY.svg,https://nsearchives.nseindia.com/30d/NIFTY-ENERGY.svg,https://nsearchives.nseindia.com/today/NIFTY-ENERGY.svg
THEMATIC INDICES,NIFTY INFRASTRUCTURE,NIFTY INFRA,9249.95,-204.05,-2.16,9381.35,9406.3,9218.05,9454.0,9792.6,8426.65,0,20.89,2.87,1.08,27,3,0,-2.44,1.79,07-Jul-2025,05-Jun-2026,08-Jul-2026,01-Jul-2026,9182.25,9442.05,9455.05,9249.95,https://nsearchives.nseindia.com/365d/NIFTY-INFRA.svg,https://nsearchives.nseindia.com/30d/NIFTY-INFRA.svg,https://nsearchives.nseindia.com/today/NIFTY-INFRA.svg
THEMATIC INDICES,NIFTY100 LIQUID 15,NIFTY100 LIQ 15,7341.55,-189.85,-2.52,7469.1,7488.85,7314.2,7531.4,7774.6,6565.7,0,24.12,3.08,0.98,15,0,0,2.37,5.1,07-Jul-2025,05-Jun-2026,08-Jul-2026,01-Jul-2026,7052.05,7529.35,7139.4,7341.55,https://nsearchives.nseindia.com/365d/NIFTY100-LIQ-15.svg,https://nsearchives.nseindia.com/30d/NIFTY100-LIQ-15.svg,https://nsearchives.nseindia.com/today/NIFTY100-LIQ-15.svg
THEMATIC INDICES,NIFTY MIDCAP LIQUID 15,NIFTY MID LIQ 15,16356.55,-226.1,-1.36,16476.45,16595.1,16239.8,16582.65,17142.65,13702.75,0,39.02,5.24,0.5,12,3,0,5.29,1.79,07-Jul-2025,05-Jun-2026,08-Jul-2026,01-Jul-2026,16160.6,16463.6,15650.75,16356.55,https://nsearchives.nseindia.com/365d/NIFTY-MID-LIQ-15.svg,https://nsearchives.nseindia.com/30d/NIFTY-MID-LIQ-15.svg,https://nsearchives.nseindia.com/today/NIFTY-MID-LIQ-15.svg
THEMATIC INDICES,NIFTY MNC,NIFTY MNC,32288.05,-706.3,-2.14,32803.65,32906.5,32140.95,32994.35,33825.6,27597.2,0,35.7,7.41,1.5,28,2,0,11.47,3.38,07-Jul-2025,05-Jun-2026,08-Jul-2026,01-Jul-2026,31703.7,32851.15,29045.6,32288.05,https://nsearchives.nseindia.com/365d/NIFTY-MNC.svg,https://nsearchives.nseindia.com/30d/NIFTY-MNC.svg,https://nsearchives.nseindia.com/today/NIFTY-MNC.svg
THEMATIC INDICES,NIFTY PSE,NIFTY PSE,9804.25,-153.65,-1.54,9895.45,9903.1,9776.1,9957.9,10839.05,9168.35,0,9.98,1.96,2.87,16,4,0,-3.51,-2.37,07-Jul-2025,05-Jun-2026,08-Jul-2026,01-Jul-2026,10080.45,10016.35,10081.5,9804.25,https://nsearchives.nseindia.com/365d/NIFTY-PSE.svg,https://nsearchives.nseindia.com/30d/NIFTY-PSE.svg,https://nsearchives.nseindia.com/today/NIFTY-PSE.svg
THEMATIC INDICES,NIFTY SERVICES SECTOR,NIFTY SERV SECTOR,30679.15,-659.0,-2.1,31180.35,31267.45,30576.75,31338.15,34549.75,28232.65,0,19.71,3.13,1.29,27,2,1,-8.96,4.71,07-Jul-2025,05-Jun-2026,08-Jul-2026,01-Jul-2026,29517.65,30662.6,33514.25,30679.15,https://nsearchives.nseindia.com/365d/NIFTY-SERV-SECTOR.svg,https://nsearchives.nseindia.com/30d/NIFTY-SERV-SECTOR.svg,https://nsearchives.nseindia.com/today/NIFTY-SERV-SECTOR.svg
THEMATIC INDICES,NIFTY100 ESG SECTOR LEADERS,NIFTY100ESGSECLDR,4018.0,-86.4,-2.11,4081.45,4089.55,4004.25,4104.4,0.0,0.0,0,21.39,3.28,1.18,54,5,1,-6.05,3.76,07-Jul-2025,05-Jun-2026,08-Jul-2026,01-Jul-2026,3920.25,4028.35,4273.8,4018.0,https://nsearchives.nseindia.com/365d/NIFTY100ESGSECLDR.svg,https://nsearchives.nseindia.com/30d/NIFTY100ESGSECLDR.svg,https://nsearchives.nseindia.com/today/NIFTY100ESGSECLDR.svg
THEMATIC INDICES,NIFTY INDIA DIGITAL,NIFTY IND DIGITAL,7938.65,-109.6,-1.36,8026.95,8073.5,7907.65,8048.25,9723.25,7233.65,0,28.02,6.81,1.58,45,5,1,-13.8,3.12,07-Jul-2025,05-Jun-2026,08-Jul-2026,01-Jul-2026,7814.05,7665.2,9161.5,7938.65,https://nsearchives.nseindia.com/365d/NIFTY-IND-DIGITAL.svg,https://nsearchives.nseindia.com/30d/NIFTY-IND-DIGITAL.svg,https://nsearchives.nseindia.com/today/NIFTY-IND-DIGITAL.svg
THEMATIC INDICES,NIFTY100 ESG,NIFTY100 ESG,4884.2,-100.25,-2.01,4957.9,4971.6,4866.35,4984.45,0.0,0.0,0,21.2,3.7,1.34,71,8,1,-2.41,3.02,07-Jul-2025,05-Jun-2026,08-Jul-2026,01-Jul-2026,4800.1,4878.9,4999.85,4884.2,https://nsearchives.nseindia.com/365d/NIFTY100-ESG.svg,https://nsearchives.nseindia.com/30d/NIFTY100-ESG.svg,https://nsearchives.nseindia.com/today/NIFTY100-ESG.svg
THEMATIC INDICES,NIFTY INDIA MANUFACTURING,NIFTY INDIA MFG,15740.1,-270.65,-1.69,15918.25,15974.65,15666.6,16010.75,0.0,0.0,0,26.81,4.33,1.01,66,10,0,8.0,1.68,07-Jul-2025,05-Jun-2026,08-Jul-2026,01-Jul-2026,15730.15,15890.3,14619.2,15740.1,https://nsearchives.nseindia.com/365d/NIFTY-INDIA-MFG.svg,https://nsearchives.nseindia.com/30d/NIFTY-INDIA-MFG.svg,https://nsearchives.nseindia.com/today/NIFTY-INDIA-MFG.svg
THEMATIC INDICES,NIFTY INDIA CORPORATE GROUP INDEX - TATA GROUP 25% CAP,NIFTY TATA 25 CAP,13863.9,-213.7,-1.52,14012.85,14042.75,13801.5,14077.6,15588.85,13218.65,0,32.65,4.44,1.7,10,0,0,-9.41,-0.02,07-Jul-2025,05-Jun-2026,08-Jul-2026,01-Jul-2026,14122.85,13884.55,15453.3,13863.9,https://nsearchives.nseindia.com/365d/NIFTY-TATA-25-CAP.svg,https://nsearchives.nseindia.com/30d/NIFTY-TATA-25-CAP.svg,https://nsearchives.nseindia.com/today/NIFTY-TATA-25-CAP.svg
THEMATIC INDICES,NIFTY500 MULTICAP INDIA MANUFACTURING 50:30:20,NIFTY MULTI MFG,16130.7,-282.9,-1.72,16330.9,16376.95,16057.5,16413.6,16649.05,14148.2,0,28.73,3.95,0.82,65,10,0,5.04,2.01,07-Jul-2025,05-Jun-2026,08-Jul-2026,01-Jul-2026,16042.1,16227.15,15405.8,16130.7,https://nsearchives.nseindia.com/365d/NIFTY-MULTI-MFG.svg,https://nsearchives.nseindia.com/30d/NIFTY-MULTI-MFG.svg,https://nsearchives.nseindia.com/today/NIFTY-MULTI-MFG.svg
THEMATIC INDICES,NIFTY500 MULTICAP INFRASTRUCTURE 50:30:20,NIFTY MULTI INFRA,14414.15,-302.3,-2.05,14612.5,14671.05,14361.65,14716.45,14885.8,12542.85,0,22.93,3.44,0.89,64,11,0,-1.12,2.68,07-Jul-2025,05-Jun-2026,08-Jul-2026,01-Jul-2026,14224.8,14715.0,14534.25,14414.15,https://nsearchives.nseindia.com/365d/NIFTY-MULTI-INFRA.svg,https://nsearchives.nseindia.com/30d/NIFTY-MULTI-INFRA.svg,https://nsearchives.nseindia.com/today/NIFTY-MULTI-INFRA.svg
THEMATIC INDICES,NIFTY INDIA DEFENCE,NIFTY IND DEFENCE,9324.05,-158.35,-1.67,9433.3,9522.7,9280.4,9482.4,9784.6,7184.9,0,56.49,12.4,0.53,16,3,0,5.44,3.86,07-Jul-2025,05-Jun-2026,08-Jul-2026,01-Jul-2026,9072.8,9555.45,8844.6,9324.05,https://nsearchives.nseindia.com/365d/NIFTY-IND-DEFENCE.svg,https://nsearchives.nseindia.com/30d/NIFTY-IND-DEFENCE.svg,https://nsearchives.nseindia.com/today/NIFTY-IND-DEFENCE.svg
THEMATIC INDICES,NIFTY INDIA TOURISM,NIFTY IND TOURISM,7950.55,-303.45,-3.68,8176.0,8181.8,7920.35,8254.0,9497.2,6502.65,0,77.31,9.58,0.36,15,0,0,-14.44,10.77,07-Jul-2025,05-Jun-2026,08-Jul-2026,01-Jul-2026,7323.8,8068.5,9215.3,7950.55,https://nsearchives.nseindia.com/365d/NIFTY-IND-TOURISM.svg,https://nsearchives.nseindia.com/30d/NIFTY-IND-TOURISM.svg,https://nsearchives.nseindia.com/today/NIFTY-IND-TOURISM.svg
THEMATIC INDICES,NIFTY CAPITAL MARKETS,NIFTY CAPITAL MKT,5348.5,-61.75,-1.14,5363.8,5452.1,5302.9,5410.25,5697.1,4086.85,0,46.8,12.99,0.67,14,3,0,17.59,2.42,07-Jul-2025,05-Jun-2026,08-Jul-2026,01-Jul-2026,5273.35,5554.5,4624.6,5348.5,https://nsearchives.nseindia.com/365d/NIFTY-CAPITAL-MKT.svg,https://nsearchives.nseindia.com/30d/NIFTY-CAPITAL-MKT.svg,https://nsearchives.nseindia.com/today/NIFTY-CAPITAL-MKT.svg
THEMATIC INDICES,NIFTY EV & NEW AGE AUTOMOTIVE,NIFTY EV,3082.7,-52.2,-1.67,3120.4,3137.4,3070.3,3134.9,0.0,0.0,0,40.5,4.83,0.89,33,5,0,5.03,2.69,07-Jul-2025,05-Jun-2026,08-Jul-2026,01-Jul-2026,3064.75,3093.0,2946.0,3082.7,https://nsearchives.nseindia.com/365d/NIFTY-EV.svg,https://nsearchives.nseindia.com/30d/NIFTY-EV.svg,https://nsearchives.nseindia.com/today/NIFTY-EV.svg
THEMATIC INDICES,NIFTY INDIA NEW AGE CONSUMPTION,NIFTY NEW CONSUMP,11527.75,-226.05,-1.92,11679.5,11764.75,11473.1,11753.8,0.0,0.0,0,45.95,6.98,0.57,64,11,0,-1.39,7.69,07-Jul-2025,05-Jun-2026,08-Jul-2026,01-Jul-2026,10896.95,11565.45,11711.0,11527.75,https://nsearchives.nseindia.com/365d/NIFTY-NEW-CONSUMP.svg,https://nsearchives.nseindia.com/30d/NIFTY-NEW-CONSUMP.svg,https://nsearchives.nseindia.com/today/NIFTY-NEW-CONSUMP.svg
THEMATIC INDICES,NIFTY INDIA SELECT 5 CORPORATE GROUPS (MAATR),NIFTY CORP MAATR,38070.05,-738.0,-1.9,38589.95,38762.4,37934.95,38808.05,0.0,0.0,0,24.64,3.21,0.93,37,5,0,2.02,0.68,07-Jul-2025,05-Jun-2026,08-Jul-2026,01-Jul-2026,38545.25,38310.05,37321.25,38070.05,https://nsearchives.nseindia.com/365d/NIFTY-CORP-MAATR.svg,https://nsearchives.nseindia.com/30d/NIFTY-CORP-MAATR.svg,https://nsearchives.nseindia.com/today/NIFTY-CORP-MAATR.svg
THEMATIC INDICES,NIFTY MOBILITY,NIFTY MOBILITY,22236.0,-553.1,-2.43,22613.95,22763.2,22145.2,22789.1,0.0,0.0,0,32.41,4.45,1.02,29,1,0,5.77,5.59,07-Jul-2025,05-Jun-2026,08-Jul-2026,01-Jul-2026,21465.25,22413.95,21003.55,22236.0,https://nsearchives.nseindia.com/365d/NIFTY-MOBILITY.svg,https://nsearchives.nseindia.com/30d/NIFTY-MOBILITY.svg,https://nsearchives.nseindia.com/today/NIFTY-MOBILITY.svg
THEMATIC INDICES,NIFTY100 ENHANCED ESG,NIFTY100 ENH ESG,4917.3,-100.95,-2.01,4991.6,5005.25,4899.35,5018.25,0.0,0.0,0,21.19,3.71,1.34,70,7,1,-2.49,3.02,07-Jul-2025,05-Jun-2026,08-Jul-2026,01-Jul-2026,4832.95,4911.4,5037.95,4917.3,https://nsearchives.nseindia.com/365d/NIFTY100-ENH-ESG.svg,https://nsearchives.nseindia.com/30d/NIFTY100-ENH-ESG.svg,https://nsearchives.nseindia.com/today/NIFTY100-ENH-ESG.svg
THEMATIC INDICES,NIFTY CORE HOUSING,NIFTY COREHOUSING,15427.1,-356.75,-2.26,15658.85,15753.2,15364.0,15783.85,16687.85,12788.2,0,33.44,3.56,0.52,29,1,0,-6.44,5.98,07-Jul-2025,05-Jun-2026,08-Jul-2026,01-Jul-2026,14799.35,15464.4,16380.0,15427.1,https://nsearchives.nseindia.com/365d/NIFTY-COREHOUSING.svg,https://nsearchives.nseindia.com/30d/NIFTY-COREHOUSING.svg,https://nsearchives.nseindia.com/today/NIFTY-COREHOUSING.svg
THEMATIC INDICES,NIFTY HOUSING,NIFTY HOUSING,11872.55,-234.4,-1.94,12022.15,12098.05,11827.0,12106.95,12244.25,10358.7,0,21.86,2.87,0.94,46,4,0,2.12,2.14,07-Jul-2025,05-Jun-2026,08-Jul-2026,01-Jul-2026,11794.45,12004.65,11555.3,11872.55,https://nsearchives.nseindia.com/365d/NIFTY-HOUSING.svg,https://nsearchives.nseindia.com/30d/NIFTY-HOUSING.svg,https://nsearchives.nseindia.com/today/NIFTY-HOUSING.svg
THEMATIC INDICES,NIFTY IPO,NIFTY IPO,2259.55,-30.25,-1.32,2275.5,2296.7,2245.55,2289.8,2330.45,1774.6,0,53.65,10.45,0.11,83,19,0,10.13,6.57,07-Jul-2025,05-Jun-2026,08-Jul-2026,01-Jul-2026,2149.9,2307.1,2044.15,2259.55,https://nsearchives.nseindia.com/365d/NIFTY-IPO.svg,https://nsearchives.nseindia.com/30d/NIFTY-IPO.svg,https://nsearchives.nseindia.com/today/NIFTY-IPO.svg
THEMATIC INDICES,NIFTY MIDSMALL INDIA CONSUMPTION,NIFTY MS IND CONS,18461.45,-284.65,-1.52,18695.7,18791.7,18387.6,18746.1,20251.55,15614.35,0,35.02,8.6,0.76,25,5,0,-7.19,6.64,07-Jul-2025,05-Jun-2026,08-Jul-2026,01-Jul-2026,17481.9,18238.2,19919.25,18461.45,https://nsearchives.nseindia.com/365d/NIFTY-MS-IND-CONS.svg,https://nsearchives.nseindia.com/30d/NIFTY-MS-IND-CONS.svg,https://nsearchives.nseindia.com/today/NIFTY-MS-IND-CONS.svg
THEMATIC INDICES,NIFTY NON-CYCLICAL CONSUMER,NIFTY NONCYC CONS,15180.95,-302.7,-1.95,15382.0,15415.35,15114.45,15483.65,16983.45,13311.1,0,55.41,9.92,0.61,28,2,0,-6.0,5.57,07-Jul-2025,05-Jun-2026,08-Jul-2026,01-Jul-2026,14525.75,15267.9,16196.55,15180.95,https://nsearchives.nseindia.com/365d/NIFTY-NONCYC-CONS.svg,https://nsearchives.nseindia.com/30d/NIFTY-NONCYC-CONS.svg,https://nsearchives.nseindia.com/today/NIFTY-NONCYC-CONS.svg
THEMATIC INDICES,NIFTY RURAL,NIFTY RURAL,15182.4,-364.4,-2.34,15438.05,15464.5,15128.85,15546.8,16396.4,13751.35,0,23.82,3.84,0.97,69,6,0,0.43,3.26,07-Jul-2025,05-Jun-2026,08-Jul-2026,01-Jul-2026,14864.35,15361.95,15104.05,15182.4,https://nsearchives.nseindia.com/365d/NIFTY-RURAL.svg,https://nsearchives.nseindia.com/30d/NIFTY-RURAL.svg,https://nsearchives.nseindia.com/today/NIFTY-RURAL.svg
THEMATIC INDICES,NIFTY SHARIAH 25,NIFTY SHARIAH 25,7724.75,-147.95,-1.88,7840.0,7864.35,7699.95,7872.7,8562.1,7196.6,0,25.99,4.74,1.78,23,2,0,-7.85,0.94,07-Jul-2025,05-Jun-2026,08-Jul-2026,01-Jul-2026,7722.25,7623.1,8393.45,7724.75,https://nsearchives.nseindia.com/365d/NIFTY-SHARIAH-25.svg,https://nsearchives.nseindia.com/30d/NIFTY-SHARIAH-25.svg,https://nsearchives.nseindia.com/today/NIFTY-SHARIAH-25.svg
THEMATIC INDICES,NIFTY TRANSPORTATION & LOGISTICS,NIFTY TRANS LOGIS,24816.7,-595.5,-2.34,25237.7,25432.75,24708.65,25412.2,26459.7,21355.4,0,42.61,5.38,0.85,27,3,0,6.82,6.28,07-Jul-2025,05-Jun-2026,08-Jul-2026,01-Jul-2026,23815.4,24950.15,23190.25,24816.7,https://nsearchives.nseindia.com/365d/NIFTY-TRANS-LOGIS.svg,https://nsearchives.nseindia.com/30d/NIFTY-TRANS-LOGIS.svg,https://nsearchives.nseindia.com/today/NIFTY-TRANS-LOGIS.svg
THEMATIC INDICES,NIFTY50 SHARIAH,NIFTY50 SHARIAH,4174.75,-58.25,-1.38,4219.75,4241.1,4161.2,4233.0,4982.45,4082.25,0,23.16,3.95,1.82,15,2,0,-13.13,-1.55,07-Jul-2025,05-Jun-2026,08-Jul-2026,01-Jul-2026,4272.7,4103.5,4815.65,4174.75,https://nsearchives.nseindia.com/365d/NIFTY50-SHARIAH.svg,https://nsearchives.nseindia.com/30d/NIFTY50-SHARIAH.svg,https://nsearchives.nseindia.com/today/NIFTY50-SHARIAH.svg
THEMATIC INDICES,NIFTY500 SHARIAH,NIFTY500 SHARIAH,6791.9,-105.4,-1.53,6869.0,6891.05,6765.15,6897.3,7291.95,6162.95,0,28.06,4.59,1.21,167,30,0,-5.88,0.21,07-Jul-2025,05-Jun-2026,08-Jul-2026,01-Jul-2026,6868.4,6789.35,7229.35,6791.9,https://nsearchives.nseindia.com/365d/NIFTY500-SHARIAH.svg,https://nsearchives.nseindia.com/30d/NIFTY500-SHARIAH.svg,https://nsearchives.nseindia.com/today/NIFTY500-SHARIAH.svg
THEMATIC INDICES,NIFTY SME EMERGE,NIFTY SME EMERGE,13828.9,-238.4,-1.69,14066.6,14066.75,13813.5,14067.3,17223.65,11015.55,0,22.53,3.47,0.2,,,,-6.93,1.73,07-Jul-2025,05-Jun-2026,08-Jul-2026,01-Jul-2026,13744.5,14023.65,14920.46,13828.9,https://nsearchives.nseindia.com/365d/NIFTY-SME-EMERGE.svg,https://nsearchives.nseindia.com/30d/NIFTY-SME-EMERGE.svg,https://nsearchives.nseindia.com/today/NIFTY-SME-EMERGE.svg
THEMATIC INDICES,NIFTY INDIA INTERNET,NIFTY INTERNET,1313.45,-15.65,-1.18,1324.4,1343.15,1306.5,1329.1,1501.9,1056.45,0,167.7,6.9,0.21,24,3,0,0.0,12.18,,05-Jun-2026,08-Jul-2026,01-Jul-2026,1192.8,1295.6,0.0,1313.45,,https://nsearchives.nseindia.com/30d/NIFTY-INTERNET.svg,https://nsearchives.nseindia.com/today/NIFTY-INTERNET.svg
THEMATIC INDICES,NIFTY WAVES,NIFTY WAVES,1929.25,-37.35,-1.9,1953.35,1967.45,1918.8,1966.6,2789.8,1581.05,0,0,2.54,0.61,29,11,1,-14.35,0.78,07-Jul-2025,05-Jun-2026,08-Jul-2026,01-Jul-2026,1957.05,1979.35,2254.78,1929.25,https://nsearchives.nseindia.com/365d/NIFTY-WAVES.svg,https://nsearchives.nseindia.com/30d/NIFTY-WAVES.svg,https://nsearchives.nseindia.com/today/NIFTY-WAVES.svg
THEMATIC INDICES,NIFTY INDIA INFRASTRUCTURE & LOGISTICS,NIFTY INFRALOG,12061.85,-237.85,-1.93,12213.35,12296.8,12016.95,12299.7,12549.95,9210.4,0,29.62,4.29,0.78,86,14,0,0.0,2.19,,05-Jun-2026,08-Jul-2026,01-Jul-2026,11985.85,12401.05,0.0,12061.85,,https://nsearchives.nseindia.com/30d/NIFTY-INFRALOG.svg,https://nsearchives.nseindia.com/today/NIFTY-INFRALOG.svg
THEMATIC INDICES,NIFTY INDIA RAILWAYS PSU,NIFTY RAILWAYSPSU,2795.7,-77.05,-2.68,2853.05,2853.7,2783.2,2872.75,4005.5,2744.6,0,20.04,2.93,1.92,14,3,0,-26.93,-2.53,07-Jul-2025,05-Jun-2026,08-Jul-2026,01-Jul-2026,2921.5,2902.85,3823.86,2795.7,https://nsearchives.nseindia.com/365d/NIFTY-RAILWAYSPSU.svg,https://nsearchives.nseindia.com/30d/NIFTY-RAILWAYSPSU.svg,https://nsearchives.nseindia.com/today/NIFTY-RAILWAYSPSU.svg
THEMATIC INDICES,NIFTY CONGLOMERATE 50,NIFTYCONGLOMERATE,14597.15,-281.3,-1.89,14776.45,14861.7,14539.4,14878.45,15284.3,12226.8,0,23.9,4.15,1.04,43,7,0,0.95,2.82,07-Jul-2025,05-Jun-2026,08-Jul-2026,01-Jul-2026,14483.05,14691.4,14481.1,14597.15,https://nsearchives.nseindia.com/365d/NIFTYCONGLOMERATE.svg,https://nsearchives.nseindia.com/30d/NIFTYCONGLOMERATE.svg,https://nsearchives.nseindia.com/today/NIFTYCONGLOMERATE.svg
FIXED INCOME INDICES,NIFTY 8-13 YR G-SEC,NIFTY GS 8 13YR,3042.41,-12.1,-0.39,3055.06,3055.07,3042.33,3054.51,0.0,0.0,0,0,0,0,,,,3.55,1.63,07-Jul-2025,05-Jun-2026,08-Jul-2026,01-Jul-2026,2987.73,3040.97,2940.36,3043.46,https://nsearchives.nseindia.com/365d/NIFTY-GS-8-13YR.svg,https://nsearchives.nseindia.com/30d/NIFTY-GS-8-13YR.svg,https://nsearchives.nseindia.com/today/NIFTY-GS-8-13YR.svg
FIXED INCOME INDICES,NIFTY 10 YR BENCHMARK G-SEC,NIFTY GS 10YR,2668.54,-13.28,-0.49,2682.31,2682.31,2668.15,2681.82,0.0,0.0,0,0,0,0,,,,2.58,1.94,07-Jul-2025,05-Jun-2026,08-Jul-2026,01-Jul-2026,2615.59,2668.42,2602.93,2669.49,https://nsearchives.nseindia.com/365d/NIFTY-GS-10YR.svg,https://nsearchives.nseindia.com/30d/NIFTY-GS-10YR.svg,https://nsearchives.nseindia.com/today/NIFTY-GS-10YR.svg
FIXED INCOME INDICES,NIFTY 10 YR BENCHMARK G-SEC (CLEAN PRICE),NIFTY GS 10YR CLN,879.04,-4.59,-0.51,883.62,883.62,878.91,883.63,0.0,0.0,0,0,0,0,,,,-3.99,1.37,07-Jul-2025,05-Jun-2026,08-Jul-2026,01-Jul-2026,866.93,880.17,916.25,879.36,https://nsearchives.nseindia.com/365d/NIFTY-GS-10YR-CLN.svg,https://nsearchives.nseindia.com/30d/NIFTY-GS-10YR-CLN.svg,https://nsearchives.nseindia.com/today/NIFTY-GS-10YR-CLN.svg
FIXED INCOME INDICES,NIFTY 4-8 YR G-SEC INDEX,NIFTY GS 4 8YR,3323.19,-8.64,-0.25,3332.42,3332.42,3322.37,3331.83,0.0,0.0,0,0,0,0,,,,4.75,1.22,07-Jul-2025,05-Jun-2026,08-Jul-2026,01-Jul-2026,3274.72,3319.6,3173.4,3324.17,https://nsearchives.nseindia.com/365d/NIFTY-GS-4-8YR.svg,https://nsearchives.nseindia.com/30d/NIFTY-GS-4-8YR.svg,https://nsearchives.nseindia.com/today/NIFTY-GS-4-8YR.svg
FIXED INCOME INDICES,NIFTY 11-15 YR G-SEC INDEX,NIFTY GS 11 15YR,3365.91,-14.99,-0.44,3381.54,3381.54,3365.91,3380.9,0.0,0.0,0,0,0,0,,,,4.25,2.74,07-Jul-2025,05-Jun-2026,08-Jul-2026,01-Jul-2026,3270.68,3366.92,3232.81,3370.27,https://nsearchives.nseindia.com/365d/NIFTY-GS-11-15YR.svg,https://nsearchives.nseindia.com/30d/NIFTY-GS-11-15YR.svg,https://nsearchives.nseindia.com/today/NIFTY-GS-11-15YR.svg
FIXED INCOME INDICES,NIFTY 15 YR AND ABOVE G-SEC INDEX,NIFTY GS 15YRPLUS,3574.06,-20.32,-0.56,3595.09,3595.09,3573.7,3594.38,0.0,0.0,0,0,0,0,,,,2.49,2.87,07-Jul-2025,05-Jun-2026,08-Jul-2026,01-Jul-2026,3468.32,3582.16,3488.24,3576.43,https://nsearchives.nseindia.com/365d/NIFTY-GS-15YRPLUS.svg,https://nsearchives.nseindia.com/30d/NIFTY-GS-15YRPLUS.svg,https://nsearchives.nseindia.com/today/NIFTY-GS-15YRPLUS.svg
FIXED INCOME INDICES,NIFTY COMPOSITE G-SEC INDEX,NIFTY GS COMPSITE,3135.38,-13.89,-0.44,3149.84,3149.85,3135.33,3149.27,0.0,0.0,0,0,0,0,,,,3.63,1.9,07-Jul-2025,05-Jun-2026,08-Jul-2026,01-Jul-2026,3070.7,3136.55,3027.16,3136.52,https://nsearchives.nseindia.com/365d/NIFTY-GS-COMPSITE.svg,https://nsearchives.nseindia.com/30d/NIFTY-GS-COMPSITE.svg,https://nsearchives.nseindia.com/today/NIFTY-GS-COMPSITE.svg
FIXED INCOME INDICES,NIFTY BHARAT BOND INDEX - APRIL 2030,BHARATBOND-APR30,1607.98,-0.44,-0.02,1608.73,1608.73,1607.98,1608.42,0.0,0.0,0,0,0,0,,,,4.88,1.19,07-Jul-2025,05-Jun-2026,08-Jul-2026,01-Jul-2026,1583.41,1606.78,1533.24,1604.94,https://nsearchives.nseindia.com/365d/BHARATBOND-APR30.svg,https://nsearchives.nseindia.com/30d/BHARATBOND-APR30.svg,https://nsearchives.nseindia.com/today/BHARATBOND-APR30.svg
FIXED INCOME INDICES,NIFTY BHARAT BOND INDEX - APRIL 2031,BHARATBOND-APR31,1464.93,-0.13,0.0,1465.33,1465.34,1464.93,1465.06,0.0,0.0,0,0,0,0,,,,4.72,1.51,07-Jul-2025,05-Jun-2026,08-Jul-2026,01-Jul-2026,1437.96,1461.64,1398.42,1459.38,https://nsearchives.nseindia.com/365d/BHARATBOND-APR31.svg,https://nsearchives.nseindia.com/30d/BHARATBOND-APR31.svg,https://nsearchives.nseindia.com/today/BHARATBOND-APR31.svg
FIXED INCOME INDICES,NIFTY BHARAT BOND INDEX - APRIL 2032,BHARATBOND-APR32,1332.18,-0.5,-0.03,1332.93,1332.93,1332.18,1332.68,0.0,0.0,0,0,0,0,,,,4.56,2.01,07-Jul-2025,05-Jun-2026,08-Jul-2026,01-Jul-2026,1300.28,1328.19,1272.87,1327.52,https://nsearchives.nseindia.com/365d/BHARATBOND-APR32.svg,https://nsearchives.nseindia.com/30d/BHARATBOND-APR32.svg,https://nsearchives.nseindia.com/today/BHARATBOND-APR32.svg
FIXED INCOME INDICES,NIFTY BHARAT BOND INDEX - APRIL 2033,BHARATBOND-APR33,1291.98,0.16,0.01,1292.06,1292.06,1291.98,1291.82,0.0,0.0,0,0,0,0,,,,4.35,2.02,07-Jul-2025,05-Jun-2026,08-Jul-2026,01-Jul-2026,1260.07,1287.37,1238.14,1287.11,https://nsearchives.nseindia.com/365d/BHARATBOND-APR33.svg,https://nsearchives.nseindia.com/30d/BHARATBOND-APR33.svg,https://nsearchives.nseindia.com/today/BHARATBOND-APR33.svg
